FunctionalFunctional_MAE,FTSA_MAE,TSA_MAE,FunctionalFunctional_MSE,FTSA_MSE,TSA_MSE
41.33066276,41.33066276,25.63301442,2026.725558,2033.305013,903.5754194
19.81487822,20.0098736,43.03741129,580.8736063,601.1166619,2193.539156
18.06966421,17.93225331,67.07123169,516.9995603,516.5686122,4786.897733
22.32994265,22.32994265,84.63821365,595.9978354,601.2248406,7267.140156
16.0946771,16.03266277,86.41158773,312.7112863,319.9229373,7611.609747
66.4086974,66.4086974,145.3708177,4988.307303,5016.324623,22010.54773
60.0845216,60.0845216,151.3405256,4450.020877,4458.297577,23845.46679
24.96328747,25.08084061,107.8104999,762.125434,783.9262596,12497.65804